country,indicator,status,where_searched,notes
US,I1,not found,"BLS ATUS 2025 (no online video item); NTIA Internet Use Survey Nov 2023 questionnaire and data (PEVIDEO only) and Nov 2025 draft questionnaire; Pew (social media 2025, teens 2025, streaming 2025 topline, topic page search); Census Bureau; searched ""live stream"" on Pew and NTIA","No official or probability-sample live-stream viewing item found for the US. Proxies recorded: NTIA online video use by age (Nov 2023, internet users 15+), Pew YouTube use by age (2025). NTIA Nov 2025 edition planned but data not posted as of 2026-09-30; its questionnaire has no live-stream item."
US,I3,not found,"NTIA, Census, BLS, Pew publications for cross-tabs of English ability with online video use",No published cross-tab. Files with both variables: none identified. ACS PUMS has English ability (ENG) but no media use; CPS Nov 2023 Computer and Internet Use Supplement has PEVIDEO but no English-ability item (not verified in codebook); Pew NPORS/ATP microdata may allow language-of-interview crossing with YouTube use (not verified). Candidate route: Pew or Census-linked survey; otherwise combine marginal distributions in later stages.
US,I4,not found,"Pew (Hispanic news language 2023 survey, social media 2025), NTIA, Census Bureau, BLS","No general-population measure of language of online video/live-stream content. Only closest proxy: Pew language of news consumed by Hispanic adults (ATP wave 138, Nov 2023), recorded in figures.csv as proxy. Tier 3 sources not recorded."
US,I6,not found,BLS ATUS technical note and FAQ (secondary activities); Pew podcast report search; BLS/Census search,ATUS does not collect secondary activities except childcare of children under 13 (secondary eating and drinking only in 2006-08 and 2014-16 Eating & Health module years). No Tier 1/2 source of media use while working or studying found.
CA,I3,not found,"Statistics Canada CIUS 2022 questionnaire (IMDB), Census 2021 tables, Time Use Survey 2022 tables","No published cross-tab. CIUS 2022 questionnaire has live-stream, video and content-origin items but no mother tongue, home language or English/French ability item (as per fetched questionnaire; derived/frame variables not verified). Census 2021 has language but no internet use. CIUS 2022 PUMF (Borealis, open licence per search listing) should be checked for demographic/language variables in a later stage."
CA,I4,not found,"Statistics Canada CIUS 2022 (tables 22-10-0136/0137, The Daily, articles), CRTC Communications Market Report 2024-2025 (fetched via Parallel), CRTC search, Canadian Heritage search","CIUS 2022 questionnaire has UI_Q041B/C/D asking origin of majority of content watched (created in Canada in English; created in Canada in French; created in another country) and UI_Q031B-D for listened content, but no published table found; available only via CIUS 2022 microdata (RDC, PUMF?). CRTC/MTM gives Anglophone vs Francophone group differences (online news video 11 percentage points higher for Anglophones) which is not language of content."
UK,I1,not found,"Ofcom (Online Nation 2025, Media Nations 2026, Adults Media Use and Attitudes 2026 incl. data tables): all ofcom.org.uk URLs return HTTP 403 Cloudflare challenge to curl, WebFetch and web.archive.org; Parallel fetch rate-limited. ONS Internet access bulletin (discontinued 3 May 2023, last 2020). Eurostat isoc_ci_ac_i for UK.; Ofcom Online Nation 2025 and AMLT 2025 data tables and technical report (read via Parallel web_fetch at merge)","No Tier 1 or 2 live-stream figure. Ofcom AMLT 2025 ""Watch or post livestream videos"" by age recorded with tier pending (quota/online-panel sample); a second AMLT item ""To watch live stream videos"" exists with unconfirmed bases. Online Nation 2025 has no adult live-stream share. Eurostat UK video proxies stop at 2018. ONS internet access series discontinued."
UK,I3,not found,"ONS OTUS tables, Census 2021 (E&W, Scotland, NI), Eurostat isoc_ci_ac_i, Ofcom (not accessible)",No published cross-tabulation of English ability by live-stream or online-video use found. Census (English proficiency) and ICT/OTUS data are separate sources. Microdata files that might hold both variables (NOT verified): Ofcom Adults Media Use and Attitudes microdata (UKDS) if it carries first-language and online video items; no OTUS microdata variable list was readable. UK ICT survey microdata (Eurostat/ONS) does not hold a proficiency variable to my knowledge (unverified).
UK,I4,not found,"Ofcom (not accessible); Eurostat isoc_ci_ac_i (no language-of-content item); Eurobarometer 540 (EU-27 only, UK not covered); ONS",No UK measure of language of live streams/online video or foreign-language viewing found. Ofcom reports could contain related items but could not be read. Eurobarometer 540 covers EU27 only.
UK,I5,daily totals only,ONS OTUS March 2024 dataset (worksheets 1-25) and ad hoc 2097 (weekday vs weekend); Eurostat tus_20 and tus_20startime (UK empty); UKDS/CTUR pages for UKTUS 2014-15 and CTUR 2023,"Published ONS tables give average daily minutes by activity, sex, age, region, employment status, and weekday vs weekend, never by time of day. A time-of-day profile requires microdata: UKDS SN 9204 (OTUS 2020-2024, Secure Access), SN 9336 (CTUR March 2023, registration) or SN 8128 (UKTUS 2014-15, 10-minute slots, registration). tus_20 (HETUS 2020) contains no UK data. Latest published ONS wave is March 2024; the ONS public sector time use pilot (fieldwork 12-22 March 2025) and a NatCen ONS Time Use Study collection in March 2026 were seen but no results are published."
UK,I6,daily totals only,ONS OTUS Table 24 and ad hoc tables; RAJAR Q2 2026 data release; Ofcom (not accessible),"Only main-activity time for ""Listening to music, podcasts, audiobooks, talk shows, radio or news"" (5.0 min/day) is published; OTUS collects up to five secondary activities per slot but ONS excludes them from all published estimates, so listening/watching while working cannot be derived from tables (would need microdata SN 9204 or UKTUS 2014-15 secondary activity + location). RAJAR gives radio listening by location (work/elsewhere combined) only. No UK Tier 1/2 published share of people listening/watching while working or studying found."
IE,I2,"exists, not accessible","CSO PxStat (5,253 tables updated since Oct 2023; F5015, F5029, F7117, SAP2022T2T6ED), CSO Census 2022 Profile 5 page, Eurostat AES tables edat_aes_l2x/l3x/l5x (titles read)","English ability by age band not published. F5015 covers only people who speak a foreign language at home (751,507), by citizenship; no age split. Census 2022 microdata/custom table request to CSO would be needed. Eurostat AES (edat_aes_l*) measures knowledge of FOREIGN languages, not English proficiency for a country where English is the majority language, so it does not fill this gap."
IE,I3,not found,"CSO ICT household survey, CSO Census 2022, Eurostat isoc_ci_ac_i, Eurobarometer 540",No published cross-tab of English ability by online video / live-stream use. In Ireland English is the majority first language; ability question only asked of foreign-language speakers at home. Eurostat ICT microdata (via Eurostat microdata access) contains country of birth/citizenship but no English-proficiency variable (not verified).
IE,I1,not found,"CSO Information Society Statistics Households 2024/2025 (survey background, 2024 questionnaire PDF, PxStat ICA tables list), Eurostat isoc_ci_ac_i, Coimisiun na Mean/ComReg (not searched in depth)","No LIVE-STREAM item in the CSO/Eurostat ICT survey. Proxies recorded from Eurostat isoc_ci_ac_i 2024 (video-sharing services, internet streamed TV, any). Coimisiun na Mean and ComReg research pages were not searched beyond the search-engine pass; treat Irish regulator live-stream data as unchecked."
IE,I4,not found,"Eurobarometer 540, CSO ICT household survey, Eurostat isoc_ci_ac_i","No measure of English versus own-language content. Eurobarometer 540 Ireland column recorded (subtitles preference, use of first other language for films/TV and on the internet; tier pending); these concern non-mother-tongue languages and are weak proxies."
IE,I5,daily totals only,"CSO (no national time-use survey; ESRI report cites only a 1999 CSO Munster pilot), Eurostat tus_20 and tus_20startime (IE empty), ESRI Time Use in Ireland 2005","Only national time-use survey is ESRI 2005 (15-minute light diary, 1,089 adults); the report publishes daily means and daily participation only, no time-of-day tables. No newer Irish survey found; Ireland absent from HETUS 2020 dataset. Microdata availability unverified."
IE,I6,not found,ESRI 2005 report (Tables 2.3-2.6); CSO; Eurostat,"No published share of people listening or watching media while working or studying. ESRI light diary allows multiple ticks per slot but the report only gives the combined ""Reading and radio"" category by day and derived main activity, not overlap with work."
AU,I1,not found,"ABS (TUS 2024, Household Use of IT: discontinued after 2016-17), ACMA (How we watch and listen 2024, 2025 exec summaries + methodology; interactive report not retrievable), eSafety Commissioner (search only; no adult live-stream measure found)","No official live-stream viewing measure by age. Proxies recorded: ACMA user-generated/short-form video, YouTube, Twitch (2024, by sex/location only); ABS TUS 2024 diary participation in watching TV or streaming and video/mobile games. All-adult Twitch share and age split exist only in ACMA interactive report (data export not accessed)."
AU,I2,"exists, not accessible","ABS Census 2021 GCP tables G11/G13, ABS census dictionary (ENGLP)",Age x proficiency for ALL persons (incl. Australia-born and children) needs Census TableBuilder (free registration; not used in stage 1-2). Recorded G13 totals (no age) and G11 age bands for overseas-born only.
AU,I3,not found,"ABS TUS 2024 data item list, ABS TUS 2020-21 data item list, ACMA methodology","No published cross-tab of English ability by online video/live-stream use. Microdata: ABS TUS 2020-21 data item list has Main language spoken at home, Proficiency in spoken English, Personal use of IT and diary Watching TV and video but NO microdata was released; ABS TUS 2024 (DataLab) has country of birth and year of arrival but no language/proficiency item. ACMA/Life in Australia unit-record data not found public."
AU,I4,not found,"ACMA reports (2024, 2025), ABS TUS, search for ACMA CALD viewing",No official measure of watching online video/live streams in English vs another language found.
AU,I5,"exists, not accessible","ABS TUS 2024 cubes (Tables 1-14, data item list), ABS microdata page","2024: hourly time-of-day published for paid work and employment only (Table 14); sleep, education, commuting and leisure by time of day are only in DataLab microdata (approved users). Older 2020-21 hourly tables (sleep, work, domestic, childcare, free time; COVID-era) recorded in figures.csv; no published hourly table for education or travel in either edition."
AU,I6,daily totals only,ABS TUS 2024 methodology and cubes; ABS TUS 2020-21 Tables 1.1/1.3; ACMA 2025 exec summary,"2024 diary does not capture secondary activity (only supervisory care), so no data. 2020-21 captured one secondary activity (COVID-era, low reporting) but published only daily totals (primary vs primary+secondary listening 8.9% vs 33.9%), not concurrency with work or study; microdata not released. ACMA has no listening-while-working item (only home/car/elsewhere)."
NZ,I1,not found,"Stats NZ (Household Use of ICT: last edition 2012; census access to telecommunications is household-level), NZ On Air Where Are The Audiences 2026 (pending tier), digital.govt.nz/DIA digital inclusion reports (programme concluded 2023), Commerce Commission/MBIE (search only, nothing relevant), ITU DataHub (403 to fetch)","No current official measure of live-stream or online video viewing by age. Recorded proxies: NZ On Air 2026 global video sharing platform daily reach, youth Twitch/YouTube use (tier pending) and Stats NZ 2012 (tier 2, superseded, prose only). ITU internet-use series for NZ not retrieved (datahub.itu.int returned 403)."
NZ,I2,"exists, not accessible","Stats NZ 2023 Census news release, DataInfo+, Aotearoa Data Explorer search index, Figure.NZ","Age x languages spoken (5-year groups) tables exist (CEN23_ECI_021/022, CEN23_ECI_020 etc.) but Data Explorer API needs a subscription key and the UI is JS-rendered. Only te reo Maori count/share and a rounded English figure fetched. Measure is binary (can have a conversation in language), no proficiency scale."
NZ,I3,not found,"Stats NZ census/TUS documentation, NZ On Air WATA",No cross-tab of English ability by video/live-stream use. Microdata candidates: none contains both (Census 2023 has languages spoken but no video-use item; NZ TUS 2009/10 has diary activities but no language item seen; WATA 2026 has no language ability item).
NZ,I4,not found,"NZ On Air WATA 2026 (adult and youth reports), Stats NZ","WATA measures local vs global platforms/NZ content, not language of content. Only closest proxy: captioning / same-language subtitle use questions (not fetched in detail)."
NZ,I5,"exists, not accessible","Stats NZ TUS 2009/10 User Guide (contentdm), data.govt.nz catalogue (bot-blocked), Stats NZ supplementary tables page (JS), Household surveys programme 2018-22",No time-of-day table retrievable: first release (2011) had hourly proportion working but archive site is offline. Survey is 16 years old and no newer NZ time use survey was found (planned NZGSS supplement from 2020 not evidenced). Unit records only via Stats NZ Data Lab (secure).
NZ,I6,"exists, not accessible",Stats NZ TUS 2009/10 User Guide,Diary captured simultaneous activity (coding rules explicitly cover background radio while working) but no published figure fetched; microdata only via Data Lab.
MX,I1,not found,"INEGI ENDUTIH 2025 press report and results presentation (internet use by type, smartphone app use, household streaming); INEGI ENUT 2024 report and questionnaire; IFT ENCCA 2024 press release, NNA and women-by-generation reports; ITU DataHub (HTTP 403, not accessible); Pew (2023 Global Attitudes 8-country social media short read: only cross-country medians, no Mexico figure, no live-stream item)","No live-stream (transmisiones en vivo) viewing item found in any fetched Mexican source. Proxies recorded and flagged: ENUT hours on watching films/series/videos, ENDUTIH smartphone audio and video app use and internet Entretenimiento, ENCCA share watching audiovisual content online. Age-band values for audio/video use likely exist in ENDUTIH tabulados and ENUT tabulados but the tabulados file lists were not retrievable (JS-rendered tabs). ENCCA adult full report (somosaudiencias.ift.org.mx) unreachable via proxy, so live-stream or platform items in it are unverified."
MX,I2,not found,INEGI Censo 2020 Marco conceptual (no English/foreign-language item; only indigenous language); ENDUTIH and ENOE (per secondary source: no language-skills question); INEGI BIARE Ampliado 2014 questionnaire (fetched); search for INEGI tables on habla ingles,"Only official item found: BIARE Ampliado 2014 item 8 Usted habla ... inglés (conversación), self-reported, age 18+, no proficiency scale, 12 years old. INEGI-published tables with the English share were not found; a third-party paper (Analisis Economico 37(94), 2022) computed 6.82 percent of 80 million adults from the microdata, not recorded as a figure (not publisher-published). Encuesta Intercensal 2025 (results released 2026-09-24) not checked for a language item. EF EPI, British Council and IMCO figures not recorded (tier 3 or unknown method)."
MX,I3,not found,ENDUTIH 2025 and BIARE Ampliado 2014 documentation,No published cross-tab. No single INEGI file found containing both English ability and online video or live-stream use: BIARE Ampliado 2014 has English (conversacion) but no internet video variable; ENDUTIH has internet and video app use but no English variable.
MX,I4,not found,"IFT ENCCA 2024 press release, NNA report and women-by-generation report (fetched); ENCCA full adult report at somosaudiencias.ift.org.mx (blocked by proxy, not fetched); ENDUTIH 2025 reports; ENUT 2024 questionnaire","No item on language, subtitles, dubbing (idioma, subtitulos, doblaje) of content watched found in any fetched material. The ENCCA adult report and questionnaire could contain such items; unverified. Re-attempt if the host becomes reachable."
MX,I5,daily totals only,"INEGI ENUT 2024 (program page, Reporte de resultados 29/25, questionnaire, RNM metadata); ENUT tabulados list not retrievable","ENUT is a stylised questionnaire not a diary: reference week, hours and minutes per activity, separate weekday and weekend answers in the instrument, no time-of-day information, no slot structure. Published figures are weekly averages (e.g. sleep 52.5 h/week). No Mexican time-of-day time-use source found; ENUT is the only national time-use survey (previous 2019, 2014; quinquennial). Time-of-day profile cannot be derived. Other diary-style sources not searched beyond INEGI."
MX,I6,not found,INEGI ENUT 2024 questionnaire section 6.22 and report; IFT ENCCA 2024 press material,"ENUT records media use only when done as sole activity (sin hacer otra actividad) and does not capture secondary activities except passive childcare, so media use while working or studying cannot be derived. ENUT 2024 does record work modality (virtual, in person, hybrid) and study modality. No Tier 2 survey item on listening or watching while working or studying found; ENCCA adult report unreachable."
CH,I1,not found,Eurostat isoc_ci_ac_i (no CH video data any year); BFS PxWeb px-x-1604000000_102,"Filled with BFS Omnibus figures (films/videos and radio/TV over internet, 3 age bands). Still no live-stream item."
IS,I1,not found,Eurostat isoc_ci_ac_i (2020 latest); Statistics Iceland not searched,"Iceland figures are 2020, latest Eurostat carries. No 2022/2024 data for video items."
AT;BE;BG;HR;CY;CZ;DK;EE;FI;FR;DE;GR;HU;IT;LV;LT;LU;MT;NL;PL;PT;RO;SK;SI;ES;SE;NO;CH;IS,I1,not found,Eurostat isoc_ci_ac_i; Eurostat and BFS metadata,"No genuine live-stream viewing measure in any source; all I1 figures are proxies (video sharing, internet streamed TV, films/videos)."
CH,I2,not found,Eurostat AES 2022 (CH absent); Eurobarometer 540 (nationals of EU states only); BFS Structural Survey publication,"Only English as a main language (6.7%, 2020) recorded. No English proficiency by age. ESRK 2019 language survey and PxWeb STAT-TAB not located as table."
NO;IS,I2,not found,Eurostat AES 2022 has NO and IS; Eurobarometer 540 excludes them,AES figures are not English-specific. No English-specific national source checked for NO and IS.
AT;BE;BG;HR;CY;CZ;DK;EE;FI;FR;DE;GR;HU;IT;LV;LT;LU;MT;NL;PL;PT;RO;SK;SI;ES;SE,I2,not found,"Eurostat AES 2022 edat_aes_l22/l32/l52 (no English-specific table, language not identified); Eurobarometer 540",English-specific ability by age band is not published; Eurobarometer gives English by country for all ages only. Recorded proxies.
MT,I2,"exists, not accessible",NSO Malta census 2021 (HTTP 403 Cloudflare),"NSO census tables blocked (HTTP 403); secondary news-report figures removed at merge. Eurobarometer 540 English (non-mother-tongue) 86% recorded, tier pending."
AT;BE;BG;HR;CY;CZ;DK;EE;FI;FR;DE;GR;HU;IT;LV;LT;LU;MT;NL;PL;PT;RO;SK;SI;ES;SE;NO;CH;IS,I3,not found,Eurostat ICT and AES tables; Eurobarometer 540 report; BFS,"No published cross-tab of English ability by online video or live-stream use. ICT survey microdata have no language variable and AES microdata have no ICT variables, so they do not overlap. Eurobarometer 540 microdata (GESIS ZA8778, wave 100.1) contain language ability and internet-use frequency; no video or live-stream item."
NO;CH;IS,I4,not found,Eurobarometer 540 (excludes these countries); Eurostat; BFS,No language-of-content measure found. EAO (Council of Europe) pages searched show no per-country language-of-viewing data.
AT;BE;BG;HR;CY;CZ;DK;EE;FI;FR;DE;GR;HU;IT;LV;LT;LU;MT;NL;PL;PT;RO;SK;SI;ES;SE,I4,not found,Eurostat ICT; Eurobarometer 540; European Audiovisual Observatory,"No measure of English versus own-language online video or live streams. Recorded Eurobarometer proxies (subtitle preference, first other language use on internet and for films/TV/radio), tier pending, EU-level age only."
CY;CZ;DK;MT;PT;SK;SE;CH;IS,I5,not found,"Eurostat tus_20 and tus_00 (absent); NSI checks: SCB (SE), Statistics Iceland, NSO Malta (HTTP 403), search only for DK/PT/CZ/SK/CY/CH","SE: last diary survey 2010/11, TID2021 not a diary; IS: experimental 2023, no time-of-day; MT: NSO time-use survey exists but page not accessible; DK: 2008/09 diary survey mentioned in secondary sources only; PT: 2015 INUT by CIG/CESIS, not INE-verified; no diary survey found for CY, CZ, CH; SK only took part in a HETUS 2020 grant project. No time-of-day tables verified for any."
BE;GR;ES;FR;IT;LU;RO;LV;LT;SI,I5,"exists, not accessible","Eurostat tus_00startime (recorded); Istat, INSEE, INE pages","Only old HETUS waves recorded (2000-2015). Newer national surveys: IT 2022-23 diary not yet released, FR 2025-26 in collection, ES 2024/25 due Q4 2026, BE BTUS 2022/23 (Statbel page blocked by CAPTCHA, not verified)."
AT;BG;HR;DE;EE;FI;HU;NL;NO;PL,I5,not found,Eurostat tus_20startime,"HETUS 2020 round publishes time-of-day participation (tus_20startime) pooled over all days, split by sex only. Weekday versus weekend and age-specific time-of-day profiles not published; microdata not available before 2027."
AT;BG;HR;DE;EE;FI;HU;NL;NO;PL,I6,daily totals only,"Eurostat tus_20age2, tus_20simuact, tus_20screen","Secondary activity captured (radio/recordings, TV, etc.) but only as whole-day totals; no cross with working or studying and no time-of-day. Recorded proxies."
BE;GR;ES;FR;IT;LU;RO;LV;LT;SI,I6,daily totals only,Eurostat tus_00age2,"Radio and music and TV as secondary activity, daily totals, old waves. Recorded."
CY;CZ;DK;MT;PT;SK;SE;CH;IS,I6,not found,"Eurostat HETUS tables (absent); SCB, Statistics Iceland pages","No secondary-activity data found. Not checked further: DK, PT, CZ, SK, CY, CH, MT (NSO blocked)."
IN,I1,not found,"MoSPI CMS:T 2025 report (full text searched for video/stream), NSS CAMS 2022-23 mention in CMS:T report, TRAI performance indicator reports (search snippets: subscriber counts only), IAMAI/Kantar (industry, pending)","Only general internet use recorded (proxy, ages 15-24, 15-29, 15+). No official video, streaming or live-stream item found. IAMAI-Kantar ICUBE reports OTT audio/video as top use (86% of internet users per news article) but is an industry survey; see tier_questions.md."
IN,I2,not found,"ORGI Census 2011 C-17 (fetched), C-18 (2011 not in NADA catalogue; only 2001 edition), language.census.gov.in (unreachable), Census 2027 (PIB: Phase II Feb 2027; not published)",C-17 publishes English as mother tongue (national row) and English as first/second subsidiary language only within each mother-tongue row; national subsidiary-language totals are not published (agent sums removed at merge). No age breakdown for English in 2011; no proficiency scale. Census 2027 has no results yet.
IN,I3,not found,"MoSPI CMS:T 2025, TUS 2024, Census 2011",No cross-tab. Microdata containing both English ability and online video does not exist in the files found; NSS/CAMS microdata has internet use but no English variable; Census has language but no internet variable.
IN,I4,not found,"MoSPI, TRAI, BARC (industry panel, pending), IAMAI (pending)","No official statistic on language of content watched. IAMAI-Kantar article says 57% prefer content in Indian languages (secondary, not recorded)."
IN,I5,daily totals only,"MoSPI TUS 2024 report (Appendix A table list, highlights charts)","Report publishes participation and minutes per day; time-of-day only as four charts without numbers (employment 15-59, commuting 15-59, unpaid domestic/caregiving 6+, learning 6-14). No table of share asleep or at leisure by half hour. Slot-level microdata available at microdata.gov.in (registration) would allow derivation. Weekday/weekend not published (normal day vs other day only)."
IN,I6,not found,MoSPI TUS 2024 report,"Mass-media participation (all activities in slot, so includes minor activities) recorded for 15-29 urban/rural, but no cross-tab of mass media with paid work or learning. Simultaneous flag exists in microdata. A 2019 TUS (Jan-Dec 2019) exists but is superseded and was not fetched."
PH,I1,"exists, not accessible","DICT ictstatistics.dict.gov.ph NICTHS 2024 and 2019, PSA psa.gov.ph (all 403 Cloudflare), DHS API (fetched), PIDS (fetched)","NICTHS 2024 (individuals 10+) is the intended source; blocked to automated access after retry via second tool and web archive. Recorded proxies: NDHS 2022 women internet use by age (15-49), PIDS analysis of NICTHS 2019 leisure/lifestyle share (tier pending). NTC (regulator) site returned 403."
PH,I2,"exists, not accessible","PSA Census 2020 (language spoken at home; page blocked), FLEMMS 2024 (blocked), PSADA (blocked), DHS","PSA sites blocked. Search snippets indicate the 2020 census asks language/dialect generally spoken at home, not English ability; no English proficiency source identified. No figures recorded."
PH,I3,not found,"DICT NICTHS, PSA FLEMMS (search snippets), DHS",No cross-tab or dataset with English ability and online video identified.
PH,I4,not found,"DICT NICTHS 2024/2019 (blocked), PSA FLEMMS (blocked), NTC (blocked)",No language-of-content item identified.
PH,I5,not found,"PSA (search snippets only, site blocked)",No national time-use survey found. 2000 pilot in Batangas and Quezon City (663 respondents) and April 2026 LFS rider on unpaid care and domestic work per snippets (not a diary).
PH,I6,not found,"PSA, DICT",No time-use data with secondary activities; no Tier 2 while-working media item found.
NG,I1,not found,"NBS microdata catalogue (NTUS, GHS-Panel W5), NCC 2024 year-end report, DHS API, Pew","No live-stream or video-specific measure. Proxies recorded: NDHS 2024 internet use past 12 months by 5-year age band for women 15-49 and men 15-59, GHS-Panel W5 internet access 10+ by sex, Pew frequency of internet use. NCC report is supply-side only."
NG,I2,not found,"NBS microdata catalogue, DHS indicator list, NTUS questionnaire, Census 2006 (no language item; not re-verified this session)",No English ability measure found. DHS and NTUS ask literacy in any language only. No census since 2006.
NG,I3,not found,"NBS NTUS, GHS-Panel, DHS",No published cross-tab. No fetched file contains both English ability and video use.
NG,I4,not found,"NBS, NCC, DHS indicator list",No language-of-content item found.
NG,I5,daily totals only,NBS NTUS 2024 report and microdata catalogue,"Only four states (Borno, Cross River, Kaduna, Lagos), participation and minutes per day; no time-of-day tables. Microdata (diary with hourly grid) could support derivation. Report says secondary activity data not properly captured."
NG,I6,not found,NBS NTUS 2024 report,Mass media use participation recorded (four states) as main activity; secondary activity captured on form but reported as not properly captured; no cross with work or study.
ZA,I1,not found,"Stats SA GHS 2025 (household-level access only), ICASA State of ICT 2026, Pew Spring 2025",No individual-level or age-banded online video/live-stream measure. GHS gives household internet access; Pew gives national frequency only.
ZA,I2,not found,"Stats SA Census 2022 Cultural Dynamics report, Census 2022 release (not fetched), GHS 2025","Only home language (language most often spoken in the household) recorded, all ages, no age breakdown found in the fetched report; English ability/proficiency not measured. Census 2022 table explorer may allow language by age (not checked)."
ZA,I3,not found,"Stats SA GHS 2025, Census 2022, TUS 2010",No cross-tab. GHS microdata has internet items but no English; census has language but no internet.
ZA,I4,not found,"Stats SA, ICASA",No language-of-content item found.
ZA,I5,daily totals only,Stats SA TUS 2010 report; no TUS 2021 found (lead unverified),"Latest TUS is 2010 (Q4 only). Report gives daily participation and minutes by sex, age group, day of week (participation in SNA/non-SNA production only); no time-of-day tables. Microdata at DataFirst public use files could support derivation. Stats SA website behind Incapsula."
ZA,I6,not found,Stats SA TUS 2010 report,Simultaneous-activity share for mass media use (28.1% of simultaneous minutes) recorded; no cross with paid work or study.
SG,I1,not found,"IMDA via SingStat Table Builder (M920341, M920351), data.gov.sg, IMDA site (JS-rendered, report not fetched)","No video or live-stream item found. Recorded proxies: internet use by age (18-39, 40-59, 60+), leisure activities share of internet users (2023, no age). IMDA full report not retrieved; a more detailed online-activity table by age may exist in the IMDA survey report."
SG,I3,not found,"SingStat, IMDA",No cross-tab of English ability and online video. AMAP (SingStat anonymised microdata programme) not checked.
SG,I4,not found,"SingStat, IMDA",No language-of-content item found.
SG,I5,not found,"SingStat Table Builder keyword search (time use, time spent: no tables), MSF research page and web search",No official time-use survey found for Singapore.
SG,I6,not found,"SingStat, MSF, web search","No time-use data, so no secondary-activity media measure; no Tier 2 while-working media item found."
KE,I1,"candidate, not researched",Encountered only in Pew Spring 2025 Global Attitudes topline (Q105 internet frequency),English is an official language. Pew surveyed Kenya (face-to-face) in the same wave; official Kenyan statistics not researched. Kenya Bureau of Statistics also gave technical support to the Nigeria Time Use Survey.
US,I5,not found,BLS ATUS 2025 tables and charts (bls.gov/tus),Time-of-day table A-3 pools all days and ages 15+. Weekday versus weekend and age-specific time-of-day profiles not published; derivable from ATUS activity microdata (open download).
UK,I2,"exists, not accessible","Scotland's Census 2022 UV210 (UKDS CKAN), NRS",Scotland English skills published at output-area level (UV210) and by age (UV210b) but no national table could be read; agent-summed totals removed at merge.
