source_id,diary_day_start,diary_day_end,slot_length_minutes,primary_activity_captured,secondary_activity_captured,location_captured,weekday_weekend_split,age_bands_published,collection_months,full_year_coverage,covid_era,microdata_access
US-BLS-ATUS-2025,04:00,04:00 (next day),n/a (start/stop times; minute resolution in microdata),"yes (single main activity per episode, 6-digit lexicon code, 17 major categories)",no except secondary childcare (children under 13); secondary eating and drinking was collected only in the 2006-08 and 2014-16 Eating & Health module years,"yes (where: at home, workplace, etc; who present)","yes (Table 2 weekday vs weekend; A-3 time-of-day is all days only; weekend days oversampled in sample design, weighted 5/7 and 2/7)","Table 3: 15 to 19, 20 to 24, 25 to 34, 35 to 44, 45 to 54, 55 to 64, 65 to 74, 75 and over (Table 11A same bands)",Jan-Dec 2025 except 2025-10-01 to 2025-11-12 (no interviews),"no (shutdown gap, about 6 weeks, re-weighted)",no,"open download (2025 and 2003-2025 microdata at bls.gov/tus/data.htm); ATUS 2025 and 2003-2025 multi-year files (activity, respondent, roster, CPS, who) at bls.gov/tus/data.htm"
CA-STATCAN-TUS-2022,"04:00 (diary instructions: ""The 24-hour period starts at 4:00 am and ends at 4:00 the next morning"")",04:00 (next day),5 (table intervals; note 20 of table 45-10-0105-01),yes (main activity),"yes (simultaneous activity asked ""Were you doing anything else at the same time?"" for all activities except essential sleep; one simultaneous activity per episode in 2022; published only as participation during paid work in study 89-652-X2024003; not in tables 45-10-0104/0105)",yes (location collected per The Daily 2025-01-28 and tool description; not in fetched tables),"yes (weekdays vs weekends, table note 14: weekdays Monday-Friday)","15 to 34, 35 to 54, 55 to 64, 65 and over (45-10-0105-01); 15 to 24, 25 to 34, 35 to 44, 45 to 54, 55 to 64, 65 and over (45-10-0104-01)",July 2022 to July 2023,"yes (12 months, 2022-07-16 to 2023-07-15)",no (post-pandemic fieldwork; 2022-2023),"open download (PUMF, Statistics Canada Open Licence); PUMF catalogue 45-25-0001, released 2025-03-12"
UK-ONS-OTUS-2024MAR,04:00,04:00,10 main / 5 secondary,yes (main activity per 10-minute period),yes in instrument (up to five secondary activities per 5-minute period); NOT in published tables,"partly: some activity categories are location-specific (working from home vs away, travelling); no general location variable in published tables","yes (ad hoc table 2097 weekday vs weekend, March 2024; main dataset rescaled 5:2)","18-24, 25-34, 35-44, 45-54, 55-64, 65-74, 75+ (Table 7; aggregated activities)","March (wave 9-17 Mar 2024); waves also Mar-Apr 2020, Sep-Oct 2020, Mar 2021, Mar 2022, Nov 2022, Mar 2023, Sep 2023",no,partly: dataset includes 2020-2021 waves (COVID restrictions); 2024 wave is not COVID-era,UKDS SN 9204 Secure Access (see UK-ONS-OTUS-2020-2024-UKDS9204)
UK-ONS-OTUS-2023SEP,04:00,04:00,10 main / 5 secondary,yes,yes in instrument; not in published estimates,partly (as above),yes,18-24 to 75+,Sep-Oct 2023 (23 Sep-1 Oct),no,no,UKDS SN 9204 Secure Access
UK-ONS-OTUS-2020-2024-UKDS9204,04:00 (as OTUS),04:00 (as OTUS),10 (as OTUS),yes,yes in instrument (up to five per slot; not in published tables),not confirmed,yes (one weekday and one weekend day per wave),n/a (microdata),waves March 2020 to 2024,no (discrete waves),yes (2020-2021 waves),secure or restricted (UKDS SN 9204 Secure Access)
UK-CTUR-UKTUS-2023,not found (HETUS-compatible fields; 4am start not verified),not found,not found,yes,yes (main and secondary activities),yes (where activity took place),yes (one weekday and one weekend day),microdata only (18+),March 2023,no,"no (post-restrictions, March 2023)",registration via UK Data Service (SN 9336)
UK-CTUR-UKTUS-2014,04:00,04:00,10,yes,yes (secondary activity column),yes (location and who with),yes (one weekday and one weekend day),microdata only (age 8+),April 2014 to May 2015 (report also states to Dec 2015),yes (seasonally allocated postcode sectors),no,registration via UK Data Service (SN 8128); CTUR/MTUS harmonised version available with free MTUS account
IE-ESRI-TUS-2005,04:00,04:00,15,yes (derived by priority rule from multiple ticks per slot),yes (multiple activities per slot ticked; secondary derived),yes (home / away from home),yes (one weekday and one weekend day),"18-24, 25-44, 45-64, 65+",2005 (8-week fieldwork; months not verified),no (single 8-week period),no,not verified
AU-ABS-TUS-2024,00:00,"24:00 (midnight-to-midnight, 2 consecutive days)",5,yes (single main activity; activity picklist),no (only supervisory care of children under 15 and adults needing care asked as simultaneous; ABS dropped other secondary activity),no (dropped in 2024; working from home flag only),yes,"Table 3 (15-24, 25-64, 15-64, 65+); Table 2 selected demographics; time-of-day Table 14 by sex only; finer ages in DataLab microdata",2024-07 to 2024-10 (22 Jul-3 Sep and 16 Sep-29 Oct),"no (about 3 months, Jul-Oct)","no (post-COVID, 2024)",DataLab (approved users; ABS microdata page 2026-07-03); no TableBuilder; no MicrodataDownload for 2024
AU-ABS-TUS-2020-21,00:00 (time of day a01 = 12:00am; episode start/end in minutes from midnight),24:00,"not found (episode start/end in minutes; time of day available at 5, 15, 30 and 60 min per data item list)",yes,"yes (one secondary activity, ""What else were you doing at the same time?"", reported for ~12% of waking time)","yes (Location item, 13 categories)",yes,"Tables 5-7 (15-24, 15-64, 65+) plus Tables 13-17 by sex only",2020-11 to 2021-07,"no (Nov 2020-Jul 2021 fieldwork window, not full 12-month rotation stated)",yes (collected during COVID-19; ABS: point-in-time only),none released (ABS microdata page: 2020-21 TUS did not release microdata)
NZ-STATSNZ-TUS-2009-10,not found in user guide text read,"not found (48-hour continuous diary, 2 consecutive days)",5,yes,"yes (simultaneous activity column ""What else were you doing at the same time?"")",yes (physical location or travel mode),yes (diary days allocated evenly across days of week; person-day estimates for weekdays and weekends),not found in user guide (survey covers age 12+); published tables not retrievable,2009-09 to 2010-08 (monthly PSU allocation),yes,no,Stats NZ Data Lab (secure); no public unit records found
MX-INEGI-ENUT-2024,n/a (no diary; no time-of-day),n/a,n/a,"yes (per-activity hours/minutes for previous week, stylised list)","partial (only passive care, mientras hacia otra cosa; media items exclude other activities; interviewer told to split time between simultaneous activities)",no (virtual vs in-person captured for work and study only),yes (hours captured separately for weekdays lunes-viernes and weekend sabado-domingo in questionnaire; published tables fetched give weekly averages only),12+ overall; study 12-19 and 20-29 in press report; finer bands presumably in tabulados (not retrieved),October-November 2024 (2024-10-07 to 2024-11-29),no,no,open download per INEGI microdata policy (file not fetched; stage 3)
EU-ESTAT-HETUS-2020ROUND,04:00,04:00,10,yes,"yes (tus_20age2, tus_20simuact, tus_20screen)","yes (tus_20loc, by place)",yes for daily totals (tus_20week); no for time-of-day (tus_20startime pools all days),"Total; 10-14, 15-24, 15-29, 15-64, 25-34, 30-44, 30-64, 35-44, 45-54, 45-64, 55-64, 60+, 65-74, 65+, 75+ in age tables; startime table has no age split","Varies by country 2019-2025 (EE 2019-21, FI 2020-21, AT 2021-22, NL 2021-23, DE 2022, BG HR NO 2022-23, PL 2023, HU 2024-25)",Guideline requires 12 months; per-country coverage not individually verified,yes for EE FI AT NL (fieldwork in 2020-2021),Not yet available for 2020 round (Eurostat ESMS); research access planned
EU-ESTAT-HETUS-2010ROUND,04:00,04:00,10,yes,yes (tus_00age2),no in published tables,yes for daily totals (tus_00week D1-5 versus D6-7); pooled in tus_00startime,"15-20, 20-24, 20-74, 25-44, 45-64, 65-74, 65+ in age2; tables mostly restricted to 20-74",1998-2015 by country (see register),Guideline 12 months; not verified per country,"no (pre-2020), except none noted",Research access through Eurostat microdata service for 2010 wave (17 countries)
DE-DESTATIS-ZVE-2022,not confirmed,not confirmed,10 (HETUS-aligned; not confirmed on fetched page),yes,not confirmed on fetched page,not confirmed,yes (weekday versus weekend published),Not confirmed on fetched page,2022-01 to 2022-12,yes,no,Forschungsdatenzentrum (scientific use file; not verified)
NO-SSB-TIDSBRUK-2022,not confirmed,not confirmed,10,yes,yes (simultaneous activities recorded),yes (place table 14340),not confirmed,"9-15, 16-24, 25-44, 45-66, 67-74, 67-79, 16-74, 16-79, 09-79 in table 14320",2022-10 to 2023-10,yes (diary days spread over all days of year),no,not verified
SE-SCB-TA-2010,not confirmed,not confirmed,10,yes,not confirmed,not confirmed,not confirmed,20-64 and 20-84 in published tables,2010/11 continuous,yes,no,not verified
IS-HAGSTOFA-TIMARANNSOKN-2023,not confirmed,not confirmed,n/a (web questionnaire logging two days; slot length not stated),yes (27 categories),not confirmed,not confirmed,yes (one weekday and one weekend day assigned),"18-29, 30-54, 70+ (as listed on page)",2023-11-09 to 2023-11-23,no (two weeks),no,not stated
IN-MOSPI-TUS-2024,04:00 (day before interview),04:00 (interview day),30,yes (major activity per slot),yes (up to 3 activities per slot per >=10 min; major/minor flagged; simultaneity flag asked),yes (place of activity; Appendix A tables 39-40 for paid/unpaid activities by place),partial: normal day vs other day (other day = weekly off/holiday/other altered routine); day-of-week of interview reported (Statement 42) but activity by day of week not published,"6-14; 15-29; 15-59; 60+ (main statements); activity tables also by sex, rural/urban, state",2024-01 to 2024-12,yes,no,"registration (NADA microdata.gov.in; unit-level data, slot-level)"
NG-NBS-NTUS-2024,04:00 (yesterday),03:59 (today),60 (hourly grid; episodes with duration in minutes),yes (main activity),yes captured in diary form (secondary activity at same time; report says not properly captured),"yes (home, workplace/school, another residence, store, outdoors) and transport mode, with whom, technology used",no clear weekday/weekend tables in report (report notes data should cover weekends and weekdays); dry vs wet season split available,15-17; 18-24; 25-29; 30-59; 60+ (varies by table); sex; sector; state,2024-08 to 2025-03,"partial (about 6.5 months, two seasons)",no,registration (NBS microdata catalogue; anonymised v1.0)
ZA-STATSSA-TUS-2010,04:00 (day before interview),04:00 (day of interview),30,yes (up to 3 activities per slot),yes (simultaneous activities flagged; Chapter 7),yes (8 location codes + inside/outside; travel mode),partial: participation by day of week (Table 3.7) for SNA / non-SNA production; not for leisure; no weekday/weekend aggregate,"10-17; 18-45; 46+ (main tables); also sex, province, geography type, labour status",2010-10 to 2010-12,"no (one quarter, Oct-Dec)",no,"registration (DataFirst public use files, catalog 497)"
SE-SCB-TID-2021,n/a,n/a,"n/a (activity questionnaire, not a diary)",partial (leisure not collected),no,not confirmed,not confirmed,not confirmed,mid-Sep to Dec 2021,no,yes,not confirmed
IT-ISTAT-TUS-2023,not confirmed,not confirmed,10 (HETUS; not confirmed for this edition),yes,not confirmed,not confirmed,not confirmed,n/a (diary results not yet published),2022-2023,not confirmed,no,released file excludes diary data (diary release pending)
FR-INSEE-EDT-2025,not confirmed,not confirmed,not confirmed,yes,not confirmed,not confirmed,yes (one weekday and one weekend diary day),n/a (no results yet),about 2025-10-13 to 2026-10-10 (six waves),yes (planned),no,not yet released (collection in progress)
ES-INE-EET-2024,not confirmed,not confirmed,10 (2009-10 edition; not confirmed for 2024-25),yes,yes in 2009-10 edition; not confirmed for 2024-25,not confirmed,not confirmed,n/a (no results yet),"from November 2024, full year",yes (planned),no,not yet released (results due Q4 2026 per tender documents seen in search results)
